"from","to","type","callType","input","value","status","timestamp","date","transaction","blockHash","blockNumber","gas","gasUsed","output","error","init","code"
"0x20f51908C8CE306EE805abEA650C2f23a1148908","0xDF48Dad855336E9E296Ae1B56595aFeA91378741","call","call","0x244f53b5000000000000000000000000f8c435670c2cfbf11c181cb15a9c1ee3c23a081c000000000000000000000000000000000000000000000000000000000000004000000000000000000000000000000000000000000000000000000000000006849698849800000000000000000000000000000000000000000000000000000000000000400000000000000000000000000000000000000000000000000000000000000600000000000000000000000000000000000000000000000000000000000000059d0000000000000000000000000000000000000000000000000000000000000001002adc815b7efbb0f5e4dc95f33402aa2291cc985768427ba19bbd1f375ebfb700000000000000000000000020f51908c8ce306ee805abea650c2f23a1148908000000000000000000000000000000000000000000000000000000000000010000000000000000000000000000000000000000000000000000000000000002a000000000000000000000000000000000000000000000000000000000000002e00000000000000000000000000000000000000000000000000000000000000320000000000000000000000000000000000000000000000000000000000000000214dec3fc2c0d12aaf058df55d162e80f723fa72230f4b07fa23ec8956ff7bf2b21e3de3294c55cbab7c2ea1d3eee4c585b864f027612e50f29053603a7fd0c8d20ab5aeef42f090069eb4afbab2271c3b078d21e50494b95cc8606c714bc3aa41c66d9bd3ea2a38dc3e6e597e95550f85ec2d1443f80fe12dc0989bd151edfe60c8a7f395dd0ec7bfca18a09a9d683276bf6a1ed713874af2de9de1b759365de2f35452a552d261da173605cd4730c337e059254c0c69db5124413e9d999025c00000000000000000000000000000000000000000000000000000000000000000c1255ab61ef5f141bdee28569232c9d5237e38bf7361aefee8f49cfd49fa47319ffc96eb543b90df9a536ddeec9e4f9d849ab4819f550f096cfd596be821e372d95d15beb3b6aecc6a6db16ed5c59f2dad6ebf0a3a78a9b19831060f9e0a92627f411ec5c0b61eadee029d0530749f3b254ad45448ac92f0fee6f6a41f1b843015c19f06b2dd42b2ecd966bdc151d287b3a92b89faa2c191d204f5242ac70c90000000000000000000000000000000000000000000000000000000000000001000000000000000000000000df48dad855336e9e296ae1b56595afea91378741000000000000000000000000000000000000000000000000000000000000000100000000000000000000000020f51908c8ce306ee805abea650c2f23a1148908000000000000000000000000000000000000000000000000000000000000027d00000000000000000000000000000000000000000000000000000000000000010000000000000000000000000000000000000000000000000000000000000060000000000000000000000000000000000000000000000000000000000000021df382ebc66cbe0d67875a868a8dbea483fb1773172934692b4a8010c50be1c8c50100000000000000000000000000000000000000000000000000000000000000c10000000000000000000000000000000000000000000000000000000000000101000000000000000000000000000000000000000000000000000000000000023d000000000000000000000000000000000000000000000000000000000000000100000000000000000000000020f51908c8ce306ee805abea650c2f23a114890800000000000000000000000000000000000000000000000000000000000000014c664b64656576785468357a3252445a42726469336a4b676c6c465636482f596e3945307466784436494d45776d747434334638644a763244626c354c52532b6c785750736531417930593d67686b794b455a764673653343494b5a584b67566a4551746c79494251565855756a376846466d42334f37424462463361624a306e6c524871533673594756636f37656977596d35656e71663937567a35356e4a70754c6c336c634d746b6f514e6a3842356a354c67724657554650546f615647766d616c6e65316d4e7a434851634a46455439733539644a4244466f6a3645686a35787a762b7174356949354539413449486d35674d7a56514c626c30686e4c6e6e43656a3863315367345450356f57583631417a517671544841690000000000000000000000000000000000000000000000000000000000000000000000000000000000000000000000000000000000000000000000000000000000004100000000000000000000000000000000000000000000000000000000000000000000000000000000000000000000000000000000000000000000000000000000000000000000000000000000000000000000000000000000000000000000000000000000000000000000000000000000000000000000000000000000","0 RBTC","SUCCESSFUL","1640112806","2021/12/21 18:53:26 +00:00","0xc82d1ed7d7da1bffce0624ba5d8a97f645b9c082fc13590192a051c7d47e6bd7","0x8556b3889586f268f24b8774266328fd04051a173c5134c87c9c213b75e3b33e","2,436,559","349,616","349,616","0x","null","null","null"
"0xDF48Dad855336E9E296Ae1B56595aFeA91378741","0x62602939910488E7a2a4Ed0d14D892877F57C963","call","delegatecall","0x244f53b5000000000000000000000000f8c435670c2cfbf11c181cb15a9c1ee3c23a081c000000000000000000000000000000000000000000000000000000000000004000000000000000000000000000000000000000000000000000000000000006849698849800000000000000000000000000000000000000000000000000000000000000400000000000000000000000000000000000000000000000000000000000000600000000000000000000000000000000000000000000000000000000000000059d0000000000000000000000000000000000000000000000000000000000000001002adc815b7efbb0f5e4dc95f33402aa2291cc985768427ba19bbd1f375ebfb700000000000000000000000020f51908c8ce306ee805abea650c2f23a1148908000000000000000000000000000000000000000000000000000000000000010000000000000000000000000000000000000000000000000000000000000002a000000000000000000000000000000000000000000000000000000000000002e00000000000000000000000000000000000000000000000000000000000000320000000000000000000000000000000000000000000000000000000000000000214dec3fc2c0d12aaf058df55d162e80f723fa72230f4b07fa23ec8956ff7bf2b21e3de3294c55cbab7c2ea1d3eee4c585b864f027612e50f29053603a7fd0c8d20ab5aeef42f090069eb4afbab2271c3b078d21e50494b95cc8606c714bc3aa41c66d9bd3ea2a38dc3e6e597e95550f85ec2d1443f80fe12dc0989bd151edfe60c8a7f395dd0ec7bfca18a09a9d683276bf6a1ed713874af2de9de1b759365de2f35452a552d261da173605cd4730c337e059254c0c69db5124413e9d999025c00000000000000000000000000000000000000000000000000000000000000000c1255ab61ef5f141bdee28569232c9d5237e38bf7361aefee8f49cfd49fa47319ffc96eb543b90df9a536ddeec9e4f9d849ab4819f550f096cfd596be821e372d95d15beb3b6aecc6a6db16ed5c59f2dad6ebf0a3a78a9b19831060f9e0a92627f411ec5c0b61eadee029d0530749f3b254ad45448ac92f0fee6f6a41f1b843015c19f06b2dd42b2ecd966bdc151d287b3a92b89faa2c191d204f5242ac70c90000000000000000000000000000000000000000000000000000000000000001000000000000000000000000df48dad855336e9e296ae1b56595afea91378741000000000000000000000000000000000000000000000000000000000000000100000000000000000000000020f51908c8ce306ee805abea650c2f23a1148908000000000000000000000000000000000000000000000000000000000000027d00000000000000000000000000000000000000000000000000000000000000010000000000000000000000000000000000000000000000000000000000000060000000000000000000000000000000000000000000000000000000000000021df382ebc66cbe0d67875a868a8dbea483fb1773172934692b4a8010c50be1c8c50100000000000000000000000000000000000000000000000000000000000000c10000000000000000000000000000000000000000000000000000000000000101000000000000000000000000000000000000000000000000000000000000023d000000000000000000000000000000000000000000000000000000000000000100000000000000000000000020f51908c8ce306ee805abea650c2f23a114890800000000000000000000000000000000000000000000000000000000000000014c664b64656576785468357a3252445a42726469336a4b676c6c465636482f596e3945307466784436494d45776d747434334638644a763244626c354c52532b6c785750736531417930593d67686b794b455a764673653343494b5a584b67566a4551746c79494251565855756a376846466d42334f37424462463361624a306e6c524871533673594756636f37656977596d35656e71663937567a35356e4a70754c6c336c634d746b6f514e6a3842356a354c67724657554650546f615647766d616c6e65316d4e7a434851634a46455439733539644a4244466f6a3645686a35787a762b7174356949354539413449486d35674d7a56514c626c30686e4c6e6e43656a3863315367345450356f57583631417a517671544841690000000000000000000000000000000000000000000000000000000000000000000000000000000000000000000000000000000000000000000000000000000000004100000000000000000000000000000000000000000000000000000000000000000000000000000000000000000000000000000000000000000000000000000000000000000000000000000000000000000000000000000000000000000000000000000000000000000000000000000000000000000000000000000000","0 RBTC","SUCCESSFUL","1640112806","2021/12/21 18:53:26 +00:00","0xc82d1ed7d7da1bffce0624ba5d8a97f645b9c082fc13590192a051c7d47e6bd7","0x8556b3889586f268f24b8774266328fd04051a173c5134c87c9c213b75e3b33e","2,436,559","266,662","266,611","0x00000000000000000000000000000000000000000000000000000000000000000000000000000000000000000000000000000000000000000000000000000040000000000000000000000000000000000000000000000000000000000000006408c379a00000000000000000000000000000000000000000000000000000000000000020000000000000000000000000000000000000000000000000000000000000001a7369676e657220616464726573732063616e6e6f74206265203000000000000000000000000000000000000000000000000000000000000000000000","null","null","null"
"0xDF48Dad855336E9E296Ae1B56595aFeA91378741","0xf8c435670c2CfbF11C181Cb15a9C1Ee3C23A081C","call","call","0x9698849800000000000000000000000000000000000000000000000000000000000000400000000000000000000000000000000000000000000000000000000000000600000000000000000000000000000000000000000000000000000000000000059d0000000000000000000000000000000000000000000000000000000000000001002adc815b7efbb0f5e4dc95f33402aa2291cc985768427ba19bbd1f375ebfb700000000000000000000000020f51908c8ce306ee805abea650c2f23a1148908000000000000000000000000000000000000000000000000000000000000010000000000000000000000000000000000000000000000000000000000000002a000000000000000000000000000000000000000000000000000000000000002e00000000000000000000000000000000000000000000000000000000000000320000000000000000000000000000000000000000000000000000000000000000214dec3fc2c0d12aaf058df55d162e80f723fa72230f4b07fa23ec8956ff7bf2b21e3de3294c55cbab7c2ea1d3eee4c585b864f027612e50f29053603a7fd0c8d20ab5aeef42f090069eb4afbab2271c3b078d21e50494b95cc8606c714bc3aa41c66d9bd3ea2a38dc3e6e597e95550f85ec2d1443f80fe12dc0989bd151edfe60c8a7f395dd0ec7bfca18a09a9d683276bf6a1ed713874af2de9de1b759365de2f35452a552d261da173605cd4730c337e059254c0c69db5124413e9d999025c00000000000000000000000000000000000000000000000000000000000000000c1255ab61ef5f141bdee28569232c9d5237e38bf7361aefee8f49cfd49fa47319ffc96eb543b90df9a536ddeec9e4f9d849ab4819f550f096cfd596be821e372d95d15beb3b6aecc6a6db16ed5c59f2dad6ebf0a3a78a9b19831060f9e0a92627f411ec5c0b61eadee029d0530749f3b254ad45448ac92f0fee6f6a41f1b843015c19f06b2dd42b2ecd966bdc151d287b3a92b89faa2c191d204f5242ac70c90000000000000000000000000000000000000000000000000000000000000001000000000000000000000000df48dad855336e9e296ae1b56595afea91378741000000000000000000000000000000000000000000000000000000000000000100000000000000000000000020f51908c8ce306ee805abea650c2f23a1148908000000000000000000000000000000000000000000000000000000000000027d00000000000000000000000000000000000000000000000000000000000000010000000000000000000000000000000000000000000000000000000000000060000000000000000000000000000000000000000000000000000000000000021df382ebc66cbe0d67875a868a8dbea483fb1773172934692b4a8010c50be1c8c50100000000000000000000000000000000000000000000000000000000000000c10000000000000000000000000000000000000000000000000000000000000101000000000000000000000000000000000000000000000000000000000000023d000000000000000000000000000000000000000000000000000000000000000100000000000000000000000020f51908c8ce306ee805abea650c2f23a114890800000000000000000000000000000000000000000000000000000000000000014c664b64656576785468357a3252445a42726469336a4b676c6c465636482f596e3945307466784436494d45776d747434334638644a763244626c354c52532b6c785750736531417930593d67686b794b455a764673653343494b5a584b67566a4551746c79494251565855756a376846466d42334f37424462463361624a306e6c524871533673594756636f37656977596d35656e71663937567a35356e4a70754c6c336c634d746b6f514e6a3842356a354c67724657554650546f615647766d616c6e65316d4e7a434851634a46455439733539644a4244466f6a3645686a35787a762b7174356949354539413449486d35674d7a56514c626c30686e4c6e6e43656a3863315367345450356f57583631417a5176715448416900000000000000000000000000000000000000000000000000000000000000000000000000000000000000000000000000000000000000000000000000000000000041000000000000000000000000000000000000000000000000000000000000000000000000000000000000000000000000000000000000000000000000000000000000000000000000000000000000000000000000000000000000000000000000","0 RBTC","FAILED","1640112806","2021/12/21 18:53:26 +00:00","0xc82d1ed7d7da1bffce0624ba5d8a97f645b9c082fc13590192a051c7d47e6bd7","0x8556b3889586f268f24b8774266328fd04051a173c5134c87c9c213b75e3b33e","2,436,559","264,572","0","null","Reverted","null","null"
"0xf8c435670c2CfbF11C181Cb15a9C1Ee3C23A081C","0x20c866d62944ff3Fd0eFEeC0A494596Ab206574f","call","call","0xa2866ea30000000000000000000000000000000000000000000000000000000000010101000000000000000000000000df48dad855336e9e296ae1b56595afea913787410000000000000000000000000000000000000000000000000000000000000060000000000000000000000000000000000000000000000000000000000000059d0000000000000000000000000000000000000000000000000000000000000001002adc815b7efbb0f5e4dc95f33402aa2291cc985768427ba19bbd1f375ebfb700000000000000000000000020f51908c8ce306ee805abea650c2f23a1148908000000000000000000000000000000000000000000000000000000000000010000000000000000000000000000000000000000000000000000000000000002a000000000000000000000000000000000000000000000000000000000000002e00000000000000000000000000000000000000000000000000000000000000320000000000000000000000000000000000000000000000000000000000000000214dec3fc2c0d12aaf058df55d162e80f723fa72230f4b07fa23ec8956ff7bf2b21e3de3294c55cbab7c2ea1d3eee4c585b864f027612e50f29053603a7fd0c8d20ab5aeef42f090069eb4afbab2271c3b078d21e50494b95cc8606c714bc3aa41c66d9bd3ea2a38dc3e6e597e95550f85ec2d1443f80fe12dc0989bd151edfe60c8a7f395dd0ec7bfca18a09a9d683276bf6a1ed713874af2de9de1b759365de2f35452a552d261da173605cd4730c337e059254c0c69db5124413e9d999025c00000000000000000000000000000000000000000000000000000000000000000c1255ab61ef5f141bdee28569232c9d5237e38bf7361aefee8f49cfd49fa47319ffc96eb543b90df9a536ddeec9e4f9d849ab4819f550f096cfd596be821e372d95d15beb3b6aecc6a6db16ed5c59f2dad6ebf0a3a78a9b19831060f9e0a92627f411ec5c0b61eadee029d0530749f3b254ad45448ac92f0fee6f6a41f1b843015c19f06b2dd42b2ecd966bdc151d287b3a92b89faa2c191d204f5242ac70c90000000000000000000000000000000000000000000000000000000000000001000000000000000000000000df48dad855336e9e296ae1b56595afea91378741000000000000000000000000000000000000000000000000000000000000000100000000000000000000000020f51908c8ce306ee805abea650c2f23a1148908000000000000000000000000000000000000000000000000000000000000027d00000000000000000000000000000000000000000000000000000000000000010000000000000000000000000000000000000000000000000000000000000060000000000000000000000000000000000000000000000000000000000000021df382ebc66cbe0d67875a868a8dbea483fb1773172934692b4a8010c50be1c8c50100000000000000000000000000000000000000000000000000000000000000c10000000000000000000000000000000000000000000000000000000000000101000000000000000000000000000000000000000000000000000000000000023d000000000000000000000000000000000000000000000000000000000000000100000000000000000000000020f51908c8ce306ee805abea650c2f23a114890800000000000000000000000000000000000000000000000000000000000000014c664b64656576785468357a3252445a42726469336a4b676c6c465636482f596e3945307466784436494d45776d747434334638644a763244626c354c52532b6c785750736531417930593d67686b794b455a764673653343494b5a584b67566a4551746c79494251565855756a376846466d42334f37424462463361624a306e6c524871533673594756636f37656977596d35656e71663937567a35356e4a70754c6c336c634d746b6f514e6a3842356a354c67724657554650546f615647766d616c6e65316d4e7a434851634a46455439733539644a4244466f6a3645686a35787a762b7174356949354539413449486d35674d7a56514c626c30686e4c6e6e43656a3863315367345450356f57583631417a517671544841690000000000000000000000000000000000000000000000000000000000000000000000","0 RBTC","SUCCESSFUL","1640112806","2021/12/21 18:53:26 +00:00","0xc82d1ed7d7da1bffce0624ba5d8a97f645b9c082fc13590192a051c7d47e6bd7","0x8556b3889586f268f24b8774266328fd04051a173c5134c87c9c213b75e3b33e","2,436,559","257,960","190,429","0x0000000000000000000000000000000000000000000000000000000000000020000000000000000000000000000000000000000000000000000000000000059d00000000000000000000000000000000000000000000000000000000000000010000000000000000000000000000000000000000000000000000000000000060000000000000000000000000000000000000000000000000000000000000053d00000000000000000000000000000000000000000000000000000000000000c0000000000000000000000000000000000000000000000000000000000000020000000000000000000000000020f51908c8ce306ee805abea650c2f23a11489080000000000000000000000000000000000000000000000000000000000000000002adc815b7efbb0f5e4dc95f33402aa2291cc985768427ba19bbd1f375ebfb700000000000000000000000000000000000000000000000000000000000001200000000000000000000000000000000000000000000000000000000000000001000000000000000000000000000000000000000000000000000000000000006000000000000000000000000000000000000000000000000000000000000000c00000000000000000000000000000000000000000000000000000000000000001000000000000000000000000df48dad855336e9e296ae1b56595afea91378741e552e0e6a4988b0ddda22c4ad9a3008e4c414f54c1c710bce60a920e3bacb6a8000000000000000000000000000000000000000000000000000000000000004020ab5aeef42f090069eb4afbab2271c3b078d21e50494b95cc8606c714bc3aa40c8a7f395dd0ec7bfca18a09a9d683276bf6a1ed713874af2de9de1b759365de000000000000000000000000000000000000000000000000000000000000033d0000000000000000000000000000000000000000000000000000000000000001000000000000000000000000000000000000000000000000000000000000006000000000000000000000000000000000000000000000000000000000000002dd000000000000000000000000000000000000000000000000000000000000000100000000000000000000000020f51908c8ce306ee805abea650c2f23a11489083352629ec166d6d6c9fae449a7664c57b1809c86835f00bdedd060f737879b33000000000000000000000000000000000000000000000000000000000000025d19ffc96eb543b90df9a536ddeec9e4f9d849ab4819f550f096cfd596be821e37a7f411ec5c0b61eadee029d0530749f3b254ad45448ac92f0fee6f6a41f1b843f382ebc66cbe0d67875a868a8dbea483fb1773172934692b4a8010c50be1c8c50100000000000000000000000000000000000000000000000000000000000000c10000000000000000000000000000000000000000000000000000000000000101000000000000000000000000000000000000000000000000000000000000023d000000000000000000000000000000000000000000000000000000000000000100000000000000000000000020f51908c8ce306ee805abea650c2f23a114890800000000000000000000000000000000000000000000000000000000000000014c664b64656576785468357a3252445a42726469336a4b676c6c465636482f596e3945307466784436494d45776d747434334638644a763244626c354c52532b6c785750736531417930593d67686b794b455a764673653343494b5a584b67566a4551746c79494251565855756a376846466d42334f37424462463361624a306e6c524871533673594756636f37656977596d35656e71663937567a35356e4a70754c6c336c634d746b6f514e6a3842356a354c67724657554650546f615647766d616c6e65316d4e7a434851634a46455439733539644a4244466f6a3645686a35787a762b7174356949354539413449486d35674d7a56514c626c30686e4c6e6e43656a3863315367345450356f57583631417a517671544841690000000000000000000000000000000000000000000000000000000000000000000000","null","null","null"
"0x20c866d62944ff3Fd0eFEeC0A494596Ab206574f","0x9c6BBceb7e85CA13428137bF4485f3D2403a14e6","call","staticcall","0x000000000000000000000000000000000000000000000000000000000000000000000100000000000000000000000000df48dad855336e9e296ae1b56595afea9137874100164b60d0fa1eab5d56d9653aed9dc7f7473acbe61df67134c705638441c4b92bb1b9b55ffdcf2d7254dfb9be2cb4e908611b4adeb4b838f0442fce79416cf00118c4d5b837bcc2bc89b5b398b5974e9f5944073b32078b7e231fec938883b0260e01b251f6f1c7e7ff4e580791dee8ea51d87a358e038b4efe30fac09383c122febda3c0c0632a56475b4214e5615e11e6dd3f96e6cea2854a87d4dacc5e5504fc6369f7110fe3d25156c1bb9a72859cf2a04641f99ba4ee413c80da6a5fe4000000000000000000000000000000000000000000000000000000000000059d0000000000000000000000000000000000000000000000000000000000000001002adc815b7efbb0f5e4dc95f33402aa2291cc985768427ba19bbd1f375ebfb700000000000000000000000020f51908c8ce306ee805abea650c2f23a1148908000000000000000000000000000000000000000000000000000000000000010000000000000000000000000000000000000000000000000000000000000002a000000000000000000000000000000000000000000000000000000000000002e00000000000000000000000000000000000000000000000000000000000000320000000000000000000000000000000000000000000000000000000000000000214dec3fc2c0d12aaf058df55d162e80f723fa72230f4b07fa23ec8956ff7bf2b21e3de3294c55cbab7c2ea1d3eee4c585b864f027612e50f29053603a7fd0c8d20ab5aeef42f090069eb4afbab2271c3b078d21e50494b95cc8606c714bc3aa41c66d9bd3ea2a38dc3e6e597e95550f85ec2d1443f80fe12dc0989bd151edfe60c8a7f395dd0ec7bfca18a09a9d683276bf6a1ed713874af2de9de1b759365de2f35452a552d261da173605cd4730c337e059254c0c69db5124413e9d999025c00000000000000000000000000000000000000000000000000000000000000000c1255ab61ef5f141bdee28569232c9d5237e38bf7361aefee8f49cfd49fa47319ffc96eb543b90df9a536ddeec9e4f9d849ab4819f550f096cfd596be821e372d95d15beb3b6aecc6a6db16ed5c59f2dad6ebf0a3a78a9b19831060f9e0a92627f411ec5c0b61eadee029d0530749f3b254ad45448ac92f0fee6f6a41f1b843015c19f06b2dd42b2ecd966bdc151d287b3a92b89faa2c191d204f5242ac70c90000000000000000000000000000000000000000000000000000000000000001000000000000000000000000df48dad855336e9e296ae1b56595afea91378741000000000000000000000000000000000000000000000000000000000000000100000000000000000000000020f51908c8ce306ee805abea650c2f23a1148908000000000000000000000000000000000000000000000000000000000000027d00000000000000000000000000000000000000000000000000000000000000010000000000000000000000000000000000000000000000000000000000000060000000000000000000000000000000000000000000000000000000000000021df382ebc66cbe0d67875a868a8dbea483fb1773172934692b4a8010c50be1c8c50100000000000000000000000000000000000000000000000000000000000000c10000000000000000000000000000000000000000000000000000000000000101000000000000000000000000000000000000000000000000000000000000023d000000000000000000000000000000000000000000000000000000000000000100000000000000000000000020f51908c8ce306ee805abea650c2f23a114890800000000000000000000000000000000000000000000000000000000000000014c664b64656576785468357a3252445a42726469336a4b676c6c465636482f596e3945307466784436494d45776d747434334638644a763244626c354c52532b6c785750736531417930593d67686b794b455a764673653343494b5a584b67566a4551746c79494251565855756a376846466d42334f37424462463361624a306e6c524871533673594756636f37656977596d35656e71663937567a35356e4a70754c6c336c634d746b6f514e6a3842356a354c67724657554650546f615647766d616c6e65316d4e7a434851634a46455439733539644a4244466f6a3645686a35787a762b7174356949354539413449486d35674d7a56514c626c30686e4c6e6e43656a3863315367345450356f57583631417a517671544841690000000000000000000000000000000000000000000000000000000000000000","0 RBTC","SUCCESSFUL","1640112806","2021/12/21 18:53:26 +00:00","0xc82d1ed7d7da1bffce0624ba5d8a97f645b9c082fc13590192a051c7d47e6bd7","0x8556b3889586f268f24b8774266328fd04051a173c5134c87c9c213b75e3b33e","2,436,559","254,432","162,086","0x0000000000000000000000000000000000000000000000000000000000000020000000000000000000000000000000000000000000000000000000000000059d00000000000000000000000000000000000000000000000000000000000000010000000000000000000000000000000000000000000000000000000000000060000000000000000000000000000000000000000000000000000000000000053d00000000000000000000000000000000000000000000000000000000000000c0000000000000000000000000000000000000000000000000000000000000020000000000000000000000000020f51908c8ce306ee805abea650c2f23a11489080000000000000000000000000000000000000000000000000000000000000000002adc815b7efbb0f5e4dc95f33402aa2291cc985768427ba19bbd1f375ebfb700000000000000000000000000000000000000000000000000000000000001200000000000000000000000000000000000000000000000000000000000000001000000000000000000000000000000000000000000000000000000000000006000000000000000000000000000000000000000000000000000000000000000c00000000000000000000000000000000000000000000000000000000000000001000000000000000000000000df48dad855336e9e296ae1b56595afea91378741e552e0e6a4988b0ddda22c4ad9a3008e4c414f54c1c710bce60a920e3bacb6a8000000000000000000000000000000000000000000000000000000000000004020ab5aeef42f090069eb4afbab2271c3b078d21e50494b95cc8606c714bc3aa40c8a7f395dd0ec7bfca18a09a9d683276bf6a1ed713874af2de9de1b759365de000000000000000000000000000000000000000000000000000000000000033d0000000000000000000000000000000000000000000000000000000000000001000000000000000000000000000000000000000000000000000000000000006000000000000000000000000000000000000000000000000000000000000002dd000000000000000000000000000000000000000000000000000000000000000100000000000000000000000020f51908c8ce306ee805abea650c2f23a11489083352629ec166d6d6c9fae449a7664c57b1809c86835f00bdedd060f737879b33000000000000000000000000000000000000000000000000000000000000025d19ffc96eb543b90df9a536ddeec9e4f9d849ab4819f550f096cfd596be821e37a7f411ec5c0b61eadee029d0530749f3b254ad45448ac92f0fee6f6a41f1b843f382ebc66cbe0d67875a868a8dbea483fb1773172934692b4a8010c50be1c8c50100000000000000000000000000000000000000000000000000000000000000c10000000000000000000000000000000000000000000000000000000000000101000000000000000000000000000000000000000000000000000000000000023d000000000000000000000000000000000000000000000000000000000000000100000000000000000000000020f51908c8ce306ee805abea650c2f23a114890800000000000000000000000000000000000000000000000000000000000000014c664b64656576785468357a3252445a42726469336a4b676c6c465636482f596e3945307466784436494d45776d747434334638644a763244626c354c52532b6c785750736531417930593d67686b794b455a764673653343494b5a584b67566a4551746c79494251565855756a376846466d42334f37424462463361624a306e6c524871533673594756636f37656977596d35656e71663937567a35356e4a70754c6c336c634d746b6f514e6a3842356a354c67724657554650546f615647766d616c6e65316d4e7a434851634a46455439733539644a4244466f6a3645686a35787a762b7174356949354539413449486d35674d7a56514c626c30686e4c6e6e43656a3863315367345450356f57583631417a517671544841690000000000000000000000000000000000000000000000000000000000000000","null","null","null"
"0xf8c435670c2CfbF11C181Cb15a9C1Ee3C23A081C","0x20c866d62944ff3Fd0eFEeC0A494596Ab206574f","call","call","0x977796d200000000000000000000000000000000000000000000000000000000000101010000000000000000000000000000000000000000000000000000000000000060000000000000000000000000f8c435670c2cfbf11c181cb15a9c1ee3c23a081c000000000000000000000000000000000000000000000000000000000000053d00000000000000000000000000000000000000000000000000000000000000c0000000000000000000000000000000000000000000000000000000000000020000000000000000000000000020f51908c8ce306ee805abea650c2f23a11489080000000000000000000000000000000000000000000000000000000000000000002adc815b7efbb0f5e4dc95f33402aa2291cc985768427ba19bbd1f375ebfb700000000000000000000000000000000000000000000000000000000000001200000000000000000000000000000000000000000000000000000000000000001000000000000000000000000000000000000000000000000000000000000006000000000000000000000000000000000000000000000000000000000000000c00000000000000000000000000000000000000000000000000000000000000001000000000000000000000000df48dad855336e9e296ae1b56595afea91378741e552e0e6a4988b0ddda22c4ad9a3008e4c414f54c1c710bce60a920e3bacb6a8000000000000000000000000000000000000000000000000000000000000004020ab5aeef42f090069eb4afbab2271c3b078d21e50494b95cc8606c714bc3aa40c8a7f395dd0ec7bfca18a09a9d683276bf6a1ed713874af2de9de1b759365de000000000000000000000000000000000000000000000000000000000000033d0000000000000000000000000000000000000000000000000000000000000001000000000000000000000000000000000000000000000000000000000000006000000000000000000000000000000000000000000000000000000000000002dd000000000000000000000000000000000000000000000000000000000000000100000000000000000000000020f51908c8ce306ee805abea650c2f23a11489083352629ec166d6d6c9fae449a7664c57b1809c86835f00bdedd060f737879b33000000000000000000000000000000000000000000000000000000000000025d19ffc96eb543b90df9a536ddeec9e4f9d849ab4819f550f096cfd596be821e37a7f411ec5c0b61eadee029d0530749f3b254ad45448ac92f0fee6f6a41f1b843f382ebc66cbe0d67875a868a8dbea483fb1773172934692b4a8010c50be1c8c50100000000000000000000000000000000000000000000000000000000000000c10000000000000000000000000000000000000000000000000000000000000101000000000000000000000000000000000000000000000000000000000000023d000000000000000000000000000000000000000000000000000000000000000100000000000000000000000020f51908c8ce306ee805abea650c2f23a114890800000000000000000000000000000000000000000000000000000000000000014c664b64656576785468357a3252445a42726469336a4b676c6c465636482f596e3945307466784436494d45776d747434334638644a763244626c354c52532b6c785750736531417930593d67686b794b455a764673653343494b5a584b67566a4551746c79494251565855756a376846466d42334f37424462463361624a306e6c524871533673594756636f37656977596d35656e71663937567a35356e4a70754c6c336c634d746b6f514e6a3842356a354c67724657554650546f615647766d616c6e65316d4e7a434851634a46455439733539644a4244466f6a3645686a35787a762b7174356949354539413449486d35674d7a56514c626c30686e4c6e6e43656a3863315367345450356f57583631417a517671544841690000000000000000000000000000000000000000000000000000000000000000000000","0 RBTC","SUCCESSFUL","1640112806","2021/12/21 18:53:26 +00:00","0xc82d1ed7d7da1bffce0624ba5d8a97f645b9c082fc13590192a051c7d47e6bd7","0x8556b3889586f268f24b8774266328fd04051a173c5134c87c9c213b75e3b33e","2,436,559","58,385","43,861","0x","null","null","null"
"0x20c866d62944ff3Fd0eFEeC0A494596Ab206574f","0x29A9273b17f3Ad3E218b095b9AeeDf93bFe808a6","call","call","0x3866123800000000000000000000000000000000000000000000000000000000000101010000000000000000000000000000000000000000000000000000000000000040000000000000000000000000000000000000000000000000000000000000053d00000000000000000000000000000000000000000000000000000000000000c0000000000000000000000000000000000000000000000000000000000000020000000000000000000000000020f51908c8ce306ee805abea650c2f23a11489080000000000000000000000000000000000000000000000000000000000000000002adc815b7efbb0f5e4dc95f33402aa2291cc985768427ba19bbd1f375ebfb700000000000000000000000000000000000000000000000000000000000001200000000000000000000000000000000000000000000000000000000000000001000000000000000000000000000000000000000000000000000000000000006000000000000000000000000000000000000000000000000000000000000000c00000000000000000000000000000000000000000000000000000000000000001000000000000000000000000df48dad855336e9e296ae1b56595afea91378741e552e0e6a4988b0ddda22c4ad9a3008e4c414f54c1c710bce60a920e3bacb6a8000000000000000000000000000000000000000000000000000000000000004020ab5aeef42f090069eb4afbab2271c3b078d21e50494b95cc8606c714bc3aa40c8a7f395dd0ec7bfca18a09a9d683276bf6a1ed713874af2de9de1b759365de000000000000000000000000000000000000000000000000000000000000033d0000000000000000000000000000000000000000000000000000000000000001000000000000000000000000000000000000000000000000000000000000006000000000000000000000000000000000000000000000000000000000000002dd000000000000000000000000000000000000000000000000000000000000000100000000000000000000000020f51908c8ce306ee805abea650c2f23a11489083352629ec166d6d6c9fae449a7664c57b1809c86835f00bdedd060f737879b33000000000000000000000000000000000000000000000000000000000000025d19ffc96eb543b90df9a536ddeec9e4f9d849ab4819f550f096cfd596be821e37a7f411ec5c0b61eadee029d0530749f3b254ad45448ac92f0fee6f6a41f1b843f382ebc66cbe0d67875a868a8dbea483fb1773172934692b4a8010c50be1c8c50100000000000000000000000000000000000000000000000000000000000000c10000000000000000000000000000000000000000000000000000000000000101000000000000000000000000000000000000000000000000000000000000023d000000000000000000000000000000000000000000000000000000000000000100000000000000000000000020f51908c8ce306ee805abea650c2f23a114890800000000000000000000000000000000000000000000000000000000000000014c664b64656576785468357a3252445a42726469336a4b676c6c465636482f596e3945307466784436494d45776d747434334638644a763244626c354c52532b6c785750736531417930593d67686b794b455a764673653343494b5a584b67566a4551746c79494251565855756a376846466d42334f37424462463361624a306e6c524871533673594756636f37656977596d35656e71663937567a35356e4a70754c6c336c634d746b6f514e6a3842356a354c67724657554650546f615647766d616c6e65316d4e7a434851634a46455439733539644a4244466f6a3645686a35787a762b7174356949354539413449486d35674d7a56514c626c30686e4c6e6e43656a3863315367345450356f57583631417a517671544841690000000000000000000000000000000000000000000000000000000000000000000000","0 RBTC","SUCCESSFUL","1640112806","2021/12/21 18:53:26 +00:00","0xc82d1ed7d7da1bffce0624ba5d8a97f645b9c082fc13590192a051c7d47e6bd7","0x8556b3889586f268f24b8774266328fd04051a173c5134c87c9c213b75e3b33e","2,436,559","44,883","30,191","0x00000000000000000000000020f51908c8ce306ee805abea650c2f23a114890800000000000000000000000000000000000000000000000000000000000000000000000000000000000000000000000000000000000000000000000000000000","null","null","null"
"0x29A9273b17f3Ad3E218b095b9AeeDf93bFe808a6","0x1F193b0509A89c075D00E96ed16997239F93Ea08","call","delegatecall","0x3866123800000000000000000000000000000000000000000000000000000000000101010000000000000000000000000000000000000000000000000000000000000040000000000000000000000000000000000000000000000000000000000000053d00000000000000000000000000000000000000000000000000000000000000c0000000000000000000000000000000000000000000000000000000000000020000000000000000000000000020f51908c8ce306ee805abea650c2f23a11489080000000000000000000000000000000000000000000000000000000000000000002adc815b7efbb0f5e4dc95f33402aa2291cc985768427ba19bbd1f375ebfb700000000000000000000000000000000000000000000000000000000000001200000000000000000000000000000000000000000000000000000000000000001000000000000000000000000000000000000000000000000000000000000006000000000000000000000000000000000000000000000000000000000000000c00000000000000000000000000000000000000000000000000000000000000001000000000000000000000000df48dad855336e9e296ae1b56595afea91378741e552e0e6a4988b0ddda22c4ad9a3008e4c414f54c1c710bce60a920e3bacb6a8000000000000000000000000000000000000000000000000000000000000004020ab5aeef42f090069eb4afbab2271c3b078d21e50494b95cc8606c714bc3aa40c8a7f395dd0ec7bfca18a09a9d683276bf6a1ed713874af2de9de1b759365de000000000000000000000000000000000000000000000000000000000000033d0000000000000000000000000000000000000000000000000000000000000001000000000000000000000000000000000000000000000000000000000000006000000000000000000000000000000000000000000000000000000000000002dd000000000000000000000000000000000000000000000000000000000000000100000000000000000000000020f51908c8ce306ee805abea650c2f23a11489083352629ec166d6d6c9fae449a7664c57b1809c86835f00bdedd060f737879b33000000000000000000000000000000000000000000000000000000000000025d19ffc96eb543b90df9a536ddeec9e4f9d849ab4819f550f096cfd596be821e37a7f411ec5c0b61eadee029d0530749f3b254ad45448ac92f0fee6f6a41f1b843f382ebc66cbe0d67875a868a8dbea483fb1773172934692b4a8010c50be1c8c50100000000000000000000000000000000000000000000000000000000000000c10000000000000000000000000000000000000000000000000000000000000101000000000000000000000000000000000000000000000000000000000000023d000000000000000000000000000000000000000000000000000000000000000100000000000000000000000020f51908c8ce306ee805abea650c2f23a114890800000000000000000000000000000000000000000000000000000000000000014c664b64656576785468357a3252445a42726469336a4b676c6c465636482f596e3945307466784436494d45776d747434334638644a763244626c354c52532b6c785750736531417930593d67686b794b455a764673653343494b5a584b67566a4551746c79494251565855756a376846466d42334f37424462463361624a306e6c524871533673594756636f37656977596d35656e71663937567a35356e4a70754c6c336c634d746b6f514e6a3842356a354c67724657554650546f615647766d616c6e65316d4e7a434851634a46455439733539644a4244466f6a3645686a35787a762b7174356949354539413449486d35674d7a56514c626c30686e4c6e6e43656a3863315367345450356f57583631417a517671544841690000000000000000000000000000000000000000000000000000000000000000000000","0 RBTC","SUCCESSFUL","1640112806","2021/12/21 18:53:26 +00:00","0xc82d1ed7d7da1bffce0624ba5d8a97f645b9c082fc13590192a051c7d47e6bd7","0x8556b3889586f268f24b8774266328fd04051a173c5134c87c9c213b75e3b33e","2,436,559","43,127","28,388","0x00000000000000000000000020f51908c8ce306ee805abea650c2f23a114890800000000000000000000000000000000000000000000000000000000000000000000000000000000000000000000000000000000000000000000000000000000","null","null","null"
"0xf8c435670c2CfbF11C181Cb15a9C1Ee3C23A081C","0x20c866d62944ff3Fd0eFEeC0A494596Ab206574f","call","staticcall","0xfedee266000000000000000000000000f8c435670c2cfbf11c181cb15a9c1ee3c23a081ce552e0e6a4988b0ddda22c4ad9a3008e4c414f54c1c710bce60a920e3bacb6a8","0 RBTC","SUCCESSFUL","1640112806","2021/12/21 18:53:26 +00:00","0xc82d1ed7d7da1bffce0624ba5d8a97f645b9c082fc13590192a051c7d47e6bd7","0x8556b3889586f268f24b8774266328fd04051a173c5134c87c9c213b75e3b33e","2,436,559","11,417","6,042","0x00000000000000000000000000000000000000000000000000000000000000020000000000000000000000000000000000000000000000000000000061c221d30000000000000000000000000000000000000000000000000000000061c222a6000000000000000000000000df48dad855336e9e296ae1b56595afea91378741","null","null","null"
"0x20c866d62944ff3Fd0eFEeC0A494596Ab206574f","0x29A9273b17f3Ad3E218b095b9AeeDf93bFe808a6","call","staticcall","0x98df3d00e552e0e6a4988b0ddda22c4ad9a3008e4c414f54c1c710bce60a920e3bacb6a8","0 RBTC","SUCCESSFUL","1640112806","2021/12/21 18:53:26 +00:00","0xc82d1ed7d7da1bffce0624ba5d8a97f645b9c082fc13590192a051c7d47e6bd7","0x8556b3889586f268f24b8774266328fd04051a173c5134c87c9c213b75e3b33e","2,436,559","8,299","2,630","0x00000000000000000000000000000000000000000000000000000000000000020000000000000000000000000000000000000000000000000000000061c221d30000000000000000000000000000000000000000000000000000000061c222a6000000000000000000000000df48dad855336e9e296ae1b56595afea91378741","null","null","null"
"0x29A9273b17f3Ad3E218b095b9AeeDf93bFe808a6","0x1F193b0509A89c075D00E96ed16997239F93Ea08","call","delegatecall","0x98df3d00e552e0e6a4988b0ddda22c4ad9a3008e4c414f54c1c710bce60a920e3bacb6a8","0 RBTC","SUCCESSFUL","1640112806","2021/12/21 18:53:26 +00:00","0xc82d1ed7d7da1bffce0624ba5d8a97f645b9c082fc13590192a051c7d47e6bd7","0x8556b3889586f268f24b8774266328fd04051a173c5134c87c9c213b75e3b33e","2,436,559","6,808","1,086","0x00000000000000000000000000000000000000000000000000000000000000020000000000000000000000000000000000000000000000000000000061c221d30000000000000000000000000000000000000000000000000000000061c222a6000000000000000000000000df48dad855336e9e296ae1b56595afea91378741","null","null","null"
